{"(0, 3)": {"(0, 2)": -0.28081}, "(0, 2)": {"(0, 3)": -1.9333729000000002}, "(2, 1)": {"(1, 1)": -1.4206067659}, "(1, 1)": {"(2, 1)": -1.8653085100000002}, "(0, 1)": {"(0, 0)": -0.1}, "(0, 0)": {"(1, 0)": -0.1}, "(1, 0)": {"(1, 1)": -0.27400356100000006}}