{"(0, 3)": {"(0, 2)": -1.5380646640457352}, "(0, 2)": {"(0, 3)": -5.034964997222681}, "(2, 1)": {"(1, 1)": -1.4206067659}, "(1, 1)": {"(2, 1)": -1.8653085100000002}, "(0, 1)": {"(0, 0)": -0.1}, "(0, 0)": {"(1, 0)": -0.1}, "(1, 0)": {"(1, 1)": -0.27400356100000006}}